{
  "project_info": {
    "project_number": "669542396302",
    "project_id": "ipharm-final",
    "storage_bucket": "ipharm-final.firebasestorage.app"
  },
  "client": [
    {
      "client_info": {
        "mobilesdk_app_id": "1:669542396302:android:3c32555efe43c1301634df",
        "android_client_info": {
          "package_name": "com.vitormarcos.ipharm_final02"
        }
      },
      "oauth_client": [],
      "api_key": [
        {
          "current_key": "AIzaSyCOqkP2gPcY3yvkFpSg0-DAjiL5Uci5LNE"
        }
      ],
      "services": {
        "appinvite_service": {
          "other_platform_oauth_client": []
        }
      }
    }
  ],
  "configuration_version": "1"
}